station_id,nlc_code,station_name,network_id,has_london_underground,has_elizabeth_line,has_overground,has_dlr,has_night_tube,is_active,created_at,updated_at
1,500.0,Acton Town,1,t,f,f,f,t,t,2026-05-29 15:27:23.646498,2026-05-29 15:27:23.646498
2,501.0,Barbican,1,t,f,f,f,f,t,2026-05-29 15:27:23.646498,2026-05-29 15:27:23.646498
3,502.0,Aldgate,1,t,f,f,f,f,t,2026-05-29 15:27:23.646498,2026-05-29 15:27:23.646498
4,503.0,Aldgate East,1,t,f,f,f,f,t,2026-05-29 15:27:23.646498,2026-05-29 15:27:23.646498
5,505.0,Alperton,1,t,f,f,f,f,t,2026-05-29 15:27:23.646498,2026-05-29 15:27:23.646498
6,506.0,Amersham,1,t,f,f,f,f,t,2026-05-29 15:27:23.646498,2026-05-29 15:27:23.646498
7,507.0,Angel,1,t,f,f,f,f,t,2026-05-29 15:27:23.646498,2026-05-29 15:27:23.646498
8,508.0,Archway,1,t,f,f,f,t,t,2026-05-29 15:27:23.646498,2026-05-29 15:27:23.646498
9,509.0,Arnos Grove,1,t,f,f,f,t,t,2026-05-29 15:27:23.646498,2026-05-29 15:27:23.646498
10,510.0,Arsenal,1,t,f,f,f,t,t,2026-05-29 15:27:23.646498,2026-05-29 15:27:23.646498
11,511.0,Baker Street,1,t,f,f,f,t,t,2026-05-29 15:27:23.646498,2026-05-29 15:27:23.646498
12,512.0,Balham LU,1,t,f,f,f,t,t,2026-05-29 15:27:23.646498,2026-05-29 15:27:23.646498
13,513.0,Bank and Monument,1,t,f,f,t,t,t,2026-05-29 15:27:23.646498,2026-05-29 15:27:23.646498
14,514.0,Barking,1,t,f,t,f,f,t,2026-05-29 15:27:23.646498,2026-05-29 15:27:23.646498
15,515.0,Barkingside,1,t,f,f,f,t,t,2026-05-29 15:27:23.646498,2026-05-29 15:27:23.646498
16,516.0,Barons Court,1,t,f,f,f,t,t,2026-05-29 15:27:23.646498,2026-05-29 15:27:23.646498
17,517.0,Bayswater,1,t,f,f,f,f,t,2026-05-29 15:27:23.646498,2026-05-29 15:27:23.646498
18,518.0,Becontree,1,t,f,f,f,f,t,2026-05-29 15:27:23.646498,2026-05-29 15:27:23.646498
19,519.0,Belsize Park,1,t,f,f,f,t,t,2026-05-29 15:27:23.646498,2026-05-29 15:27:23.646498
20,520.0,Bethnal Green LU,1,t,f,f,f,t,t,2026-05-29 15:27:23.646498,2026-05-29 15:27:23.646498
21,521.0,Blackfriars LU,1,t,f,f,f,f,t,2026-05-29 15:27:23.646498,2026-05-29 15:27:23.646498
22,522.0,Blackhorse Road,1,t,f,t,f,t,t,2026-05-29 15:27:23.646498,2026-05-29 15:27:23.646498
23,524.0,Bond Street,1,t,t,f,f,t,t,2026-05-29 15:27:23.646498,2026-05-29 15:27:23.646498
24,525.0,Borough,1,t,f,f,f,f,t,2026-05-29 15:27:23.646498,2026-05-29 15:27:23.646498
25,526.0,Boston Manor,1,t,f,f,f,t,t,2026-05-29 15:27:23.646498,2026-05-29 15:27:23.646498
26,527.0,Bounds Green,1,t,f,f,f,t,t,2026-05-29 15:27:23.646498,2026-05-29 15:27:23.646498
27,528.0,Bow Road,1,t,f,f,f,f,t,2026-05-29 15:27:23.646498,2026-05-29 15:27:23.646498
28,529.0,Brent Cross,1,t,f,f,f,t,t,2026-05-29 15:27:23.646498,2026-05-29 15:27:23.646498
29,530.0,Bromley-by-Bow,1,t,f,f,f,f,t,2026-05-29 15:27:23.646498,2026-05-29 15:27:23.646498
30,531.0,Buckhurst Hill,1,t,f,f,f,t,t,2026-05-29 15:27:23.646498,2026-05-29 15:27:23.646498
31,532.0,Burnt Oak,1,t,f,f,f,t,t,2026-05-29 15:27:23.646498,2026-05-29 15:27:23.646498
32,534.0,Caledonian Road,1,t,f,f,f,t,t,2026-05-29 15:27:23.646498,2026-05-29 15:27:23.646498
33,535.0,Camden Town,1,t,f,f,f,t,t,2026-05-29 15:27:23.646498,2026-05-29 15:27:23.646498
34,536.0,Cannon Street LU,1,t,f,f,f,f,t,2026-05-29 15:27:23.646498,2026-05-29 15:27:23.646498
35,537.0,Canons Park,1,t,f,f,f,t,t,2026-05-29 15:27:23.646498,2026-05-29 15:27:23.646498
36,539.0,Chalfont & Latimer,1,t,f,f,f,f,t,2026-05-29 15:27:23.646498,2026-05-29 15:27:23.646498
37,540.0,Chalk Farm,1,t,f,f,f,t,t,2026-05-29 15:27:23.646498,2026-05-29 15:27:23.646498
38,541.0,Chancery Lane,1,t,f,f,f,t,t,2026-05-29 15:27:23.646498,2026-05-29 15:27:23.646498
39,542.0,Embankment,1,t,f,f,f,t,t,2026-05-29 15:27:23.646498,2026-05-29 15:27:23.646498
40,543.0,Chesham,1,t,f,f,f,f,t,2026-05-29 15:27:23.646498,2026-05-29 15:27:23.646498
41,544.0,Chigwell,1,t,f,f,f,f,t,2026-05-29 15:27:23.646498,2026-05-29 15:27:23.646498
42,545.0,Chiswick Park,1,t,f,f,f,f,t,2026-05-29 15:27:23.646498,2026-05-29 15:27:23.646498
43,546.0,Chorleywood,1,t,f,f,f,f,t,2026-05-29 15:27:23.646498,2026-05-29 15:27:23.646498
44,547.0,Clapham Common,1,t,f,f,f,t,t,2026-05-29 15:27:23.646498,2026-05-29 15:27:23.646498
45,548.0,Clapham North,1,t,f,f,f,t,t,2026-05-29 15:27:23.646498,2026-05-29 15:27:23.646498
46,549.0,Clapham South,1,t,f,f,f,t,t,2026-05-29 15:27:23.646498,2026-05-29 15:27:23.646498
47,550.0,Cockfosters,1,t,f,f,f,t,t,2026-05-29 15:27:23.646498,2026-05-29 15:27:23.646498
48,551.0,Colindale,1,t,f,f,f,t,t,2026-05-29 15:27:23.646498,2026-05-29 15:27:23.646498
49,552.0,Colliers Wood,1,t,f,f,f,t,t,2026-05-29 15:27:23.646498,2026-05-29 15:27:23.646498
50,553.0,Covent Garden,1,t,f,f,f,t,t,2026-05-29 15:27:23.646498,2026-05-29 15:27:23.646498
51,554.0,Croxley,1,t,f,f,f,f,t,2026-05-29 15:27:23.646498,2026-05-29 15:27:23.646498
52,555.0,Dagenham East,1,t,f,f,f,f,t,2026-05-29 15:27:23.646498,2026-05-29 15:27:23.646498
53,556.0,Dagenham Heathway,1,t,f,f,f,f,t,2026-05-29 15:27:23.646498,2026-05-29 15:27:23.646498
54,557.0,Debden,1,t,f,f,f,f,t,2026-05-29 15:27:23.646498,2026-05-29 15:27:23.646498
55,558.0,Dollis Hill,1,t,f,f,f,t,t,2026-05-29 15:27:23.646498,2026-05-29 15:27:23.646498
56,560.0,Ealing Broadway,1,t,t,f,f,t,t,2026-05-29 15:27:23.646498,2026-05-29 15:27:23.646498
57,561.0,Ealing Common,1,t,f,f,f,f,t,2026-05-29 15:27:23.646498,2026-05-29 15:27:23.646498
58,562.0,Earl's Court,1,t,f,f,f,t,t,2026-05-29 15:27:23.646498,2026-05-29 15:27:23.646498
59,563.0,East Acton,1,t,f,f,f,t,t,2026-05-29 15:27:23.646498,2026-05-29 15:27:23.646498
60,564.0,Eastcote,1,t,f,f,f,f,t,2026-05-29 15:27:23.646498,2026-05-29 15:27:23.646498
61,565.0,East Finchley,1,t,f,f,f,t,t,2026-05-29 15:27:23.646498,2026-05-29 15:27:23.646498
62,566.0,East Ham,1,t,f,f,f,f,t,2026-05-29 15:27:23.646498,2026-05-29 15:27:23.646498
63,567.0,East Putney,1,t,f,f,f,f,t,2026-05-29 15:27:23.646498,2026-05-29 15:27:23.646498
64,568.0,Edgware,1,t,f,f,f,t,t,2026-05-29 15:27:23.646498,2026-05-29 15:27:23.646498
65,569.0,Edgware Road (DIS),1,t,f,f,f,f,t,2026-05-29 15:27:23.646498,2026-05-29 15:27:23.646498
66,570.0,Elephant & Castle LU,1,t,f,f,f,f,t,2026-05-29 15:27:23.646498,2026-05-29 15:27:23.646498
67,571.0,Elm Park,1,t,f,f,f,f,t,2026-05-29 15:27:23.646498,2026-05-29 15:27:23.646498
68,572.0,Epping,1,t,f,f,f,f,t,2026-05-29 15:27:23.646498,2026-05-29 15:27:23.646498
69,574.0,Euston LU,1,t,f,f,f,t,t,2026-05-29 15:27:23.646498,2026-05-29 15:27:23.646498
70,575.0,Euston Square,1,t,f,f,f,f,t,2026-05-29 15:27:23.646498,2026-05-29 15:27:23.646498
71,576.0,Fairlop,1,t,f,f,f,t,t,2026-05-29 15:27:23.646498,2026-05-29 15:27:23.646498
72,577.0,Farringdon,1,t,t,f,f,f,t,2026-05-29 15:27:23.646498,2026-05-29 15:27:23.646498
73,578.0,Finchley Central,1,t,f,f,f,t,t,2026-05-29 15:27:23.646498,2026-05-29 15:27:23.646498
74,579.0,Finchley Road,1,t,f,f,f,t,t,2026-05-29 15:27:23.646498,2026-05-29 15:27:23.646498
75,580.0,Finsbury Park,1,t,f,f,f,t,t,2026-05-29 15:27:23.646498,2026-05-29 15:27:23.646498
76,581.0,Fulham Broadway,1,t,f,f,f,f,t,2026-05-29 15:27:23.646498,2026-05-29 15:27:23.646498
77,582.0,Gants Hill,1,t,f,f,f,t,t,2026-05-29 15:27:23.646498,2026-05-29 15:27:23.646498
78,583.0,Gloucester Road,1,t,f,f,f,t,t,2026-05-29 15:27:23.646498,2026-05-29 15:27:23.646498
79,584.0,Golders Green,1,t,f,f,f,t,t,2026-05-29 15:27:23.646498,2026-05-29 15:27:23.646498
80,585.0,Goldhawk Road,1,t,f,f,f,f,t,2026-05-29 15:27:23.646498,2026-05-29 15:27:23.646498
81,586.0,Goodge Street,1,t,f,f,f,t,t,2026-05-29 15:27:23.646498,2026-05-29 15:27:23.646498
82,587.0,Grange Hill,1,t,f,f,f,f,t,2026-05-29 15:27:23.646498,2026-05-29 15:27:23.646498
83,588.0,Great Portland Street,1,t,f,f,f,f,t,2026-05-29 15:27:23.646498,2026-05-29 15:27:23.646498
84,589.0,Greenford,1,t,f,f,f,f,t,2026-05-29 15:27:23.646498,2026-05-29 15:27:23.646498
85,590.0,Green Park,1,t,f,f,f,t,t,2026-05-29 15:27:23.646498,2026-05-29 15:27:23.646498
86,591.0,Gunnersbury,1,t,f,t,f,f,t,2026-05-29 15:27:23.646498,2026-05-29 15:27:23.646498
87,592.0,Hainault,1,t,f,f,f,t,t,2026-05-29 15:27:23.646498,2026-05-29 15:27:23.646498
88,593.0,Hammersmith (DIS),1,t,f,f,f,t,t,2026-05-29 15:27:23.646498,2026-05-29 15:27:23.646498
89,594.0,Hampstead,1,t,f,f,f,t,t,2026-05-29 15:27:23.646498,2026-05-29 15:27:23.646498
90,595.0,Hanger Lane,1,t,f,f,f,f,t,2026-05-29 15:27:23.646498,2026-05-29 15:27:23.646498
91,596.0,Harlesden,1,t,f,t,f,f,t,2026-05-29 15:27:23.646498,2026-05-29 15:27:23.646498
92,597.0,Harrow & Wealdstone,1,t,f,t,f,f,t,2026-05-29 15:27:23.646498,2026-05-29 15:27:23.646498
93,598.0,Harrow-on-the-Hill,1,t,f,f,f,f,t,2026-05-29 15:27:23.646498,2026-05-29 15:27:23.646498
94,601.0,Hendon Central,1,t,f,f,f,t,t,2026-05-29 15:27:23.646498,2026-05-29 15:27:23.646498
95,602.0,High Barnet,1,t,f,f,f,t,t,2026-05-29 15:27:23.646498,2026-05-29 15:27:23.646498
96,603.0,Highbury & Islington,1,t,f,t,f,t,t,2026-05-29 15:27:23.646498,2026-05-29 15:27:23.646498
97,604.0,Highgate,1,t,f,f,f,t,t,2026-05-29 15:27:23.646498,2026-05-29 15:27:23.646498
98,605.0,High Street Kensington,1,t,f,f,f,f,t,2026-05-29 15:27:23.646498,2026-05-29 15:27:23.646498
99,606.0,Hillingdon,1,t,f,f,f,f,t,2026-05-29 15:27:23.646498,2026-05-29 15:27:23.646498
100,607.0,Holborn,1,t,f,f,f,t,t,2026-05-29 15:27:23.646498,2026-05-29 15:27:23.646498
101,608.0,Holland Park,1,t,f,f,f,t,t,2026-05-29 15:27:23.646498,2026-05-29 15:27:23.646498
102,609.0,Holloway Road,1,t,f,f,f,t,t,2026-05-29 15:27:23.646498,2026-05-29 15:27:23.646498
103,610.0,Hornchurch,1,t,f,f,f,f,t,2026-05-29 15:27:23.646498,2026-05-29 15:27:23.646498
104,611.0,Hounslow Central,1,t,f,f,f,t,t,2026-05-29 15:27:23.646498,2026-05-29 15:27:23.646498
105,612.0,Hounslow East,1,t,f,f,f,t,t,2026-05-29 15:27:23.646498,2026-05-29 15:27:23.646498
106,613.0,Hounslow West,1,t,f,f,f,t,t,2026-05-29 15:27:23.646498,2026-05-29 15:27:23.646498
107,614.0,Hyde Park Corner,1,t,f,f,f,t,t,2026-05-29 15:27:23.646498,2026-05-29 15:27:23.646498
108,615.0,Ickenham,1,t,f,f,f,f,t,2026-05-29 15:27:23.646498,2026-05-29 15:27:23.646498
109,616.0,Kennington,1,t,f,f,f,t,t,2026-05-29 15:27:23.646498,2026-05-29 15:27:23.646498
110,617.0,Kensal Green,1,t,f,t,f,f,t,2026-05-29 15:27:23.646498,2026-05-29 15:27:23.646498
111,618.0,Kensington (Olympia),1,t,f,t,f,f,t,2026-05-29 15:27:23.646498,2026-05-29 15:27:23.646498
112,619.0,Kentish Town,1,t,f,f,f,t,t,2026-05-29 15:27:23.646498,2026-05-29 15:27:23.646498
113,620.0,Kenton,1,t,f,t,f,f,t,2026-05-29 15:27:23.646498,2026-05-29 15:27:23.646498
114,621.0,Kew Gardens,1,t,f,t,f,f,t,2026-05-29 15:27:23.646498,2026-05-29 15:27:23.646498
115,622.0,Kilburn,1,t,f,f,f,t,t,2026-05-29 15:27:23.646498,2026-05-29 15:27:23.646498
116,623.0,Kilburn Park,1,t,f,f,f,f,t,2026-05-29 15:27:23.646498,2026-05-29 15:27:23.646498
117,624.0,Kingsbury,1,t,f,f,f,t,t,2026-05-29 15:27:23.646498,2026-05-29 15:27:23.646498
118,625.0,King's Cross St. Pancras,1,t,f,f,f,t,t,2026-05-29 15:27:23.646498,2026-05-29 15:27:23.646498
119,626.0,Knightsbridge,1,t,f,f,f,t,t,2026-05-29 15:27:23.646498,2026-05-29 15:27:23.646498
120,627.0,Ladbroke Grove,1,t,f,f,f,f,t,2026-05-29 15:27:23.646498,2026-05-29 15:27:23.646498
121,628.0,Lambeth North,1,t,f,f,f,f,t,2026-05-29 15:27:23.646498,2026-05-29 15:27:23.646498
122,629.0,Lancaster Gate,1,t,f,f,f,t,t,2026-05-29 15:27:23.646498,2026-05-29 15:27:23.646498
123,630.0,Latimer Road,1,t,f,f,f,f,t,2026-05-29 15:27:23.646498,2026-05-29 15:27:23.646498
124,631.0,Leicester Square,1,t,f,f,f,t,t,2026-05-29 15:27:23.646498,2026-05-29 15:27:23.646498
125,632.0,Leyton,1,t,f,f,f,t,t,2026-05-29 15:27:23.646498,2026-05-29 15:27:23.646498
126,633.0,Leytonstone,1,t,f,f,f,t,t,2026-05-29 15:27:23.646498,2026-05-29 15:27:23.646498
127,634.0,Liverpool Street LU,1,t,f,t,f,t,t,2026-05-29 15:27:23.646498,2026-05-29 15:27:23.646498
128,635.0,London Bridge LU,1,t,f,f,f,t,t,2026-05-29 15:27:23.646498,2026-05-29 15:27:23.646498
129,636.0,Loughton,1,t,f,f,f,t,t,2026-05-29 15:27:23.646498,2026-05-29 15:27:23.646498
130,637.0,Maida Vale,1,t,f,f,f,f,t,2026-05-29 15:27:23.646498,2026-05-29 15:27:23.646498
131,638.0,Manor House,1,t,f,f,f,t,t,2026-05-29 15:27:23.646498,2026-05-29 15:27:23.646498
132,639.0,Mansion House,1,t,f,f,f,f,t,2026-05-29 15:27:23.646498,2026-05-29 15:27:23.646498
133,640.0,Marble Arch,1,t,f,f,f,t,t,2026-05-29 15:27:23.646498,2026-05-29 15:27:23.646498
134,641.0,Marylebone LU,1,t,f,f,f,f,t,2026-05-29 15:27:23.646498,2026-05-29 15:27:23.646498
135,642.0,Mile End,1,t,f,f,f,t,t,2026-05-29 15:27:23.646498,2026-05-29 15:27:23.646498
136,643.0,Mill Hill East,1,t,f,f,f,f,t,2026-05-29 15:27:23.646498,2026-05-29 15:27:23.646498
137,645.0,Moorgate,1,t,f,f,f,f,t,2026-05-29 15:27:23.646498,2026-05-29 15:27:23.646498
138,646.0,Moor Park,1,t,f,f,f,f,t,2026-05-29 15:27:23.646498,2026-05-29 15:27:23.646498
139,647.0,Morden,1,t,f,f,f,t,t,2026-05-29 15:27:23.646498,2026-05-29 15:27:23.646498
140,648.0,Mornington Crescent,1,t,f,f,f,t,t,2026-05-29 15:27:23.646498,2026-05-29 15:27:23.646498
141,649.0,Neasden,1,t,f,f,f,t,t,2026-05-29 15:27:23.646498,2026-05-29 15:27:23.646498
142,650.0,Newbury Park,1,t,f,f,f,t,t,2026-05-29 15:27:23.646498,2026-05-29 15:27:23.646498
143,651.0,New Cross,,f,f,f,f,f,t,2026-05-29 15:27:23.646498,2026-05-29 15:27:23.646498
144,652.0,New Cross Gate,,f,f,f,f,f,t,2026-05-29 15:27:23.646498,2026-05-29 15:27:23.646498
145,653.0,North Acton,1,t,f,f,f,t,t,2026-05-29 15:27:23.646498,2026-05-29 15:27:23.646498
146,654.0,North Ealing,1,t,f,f,f,f,t,2026-05-29 15:27:23.646498,2026-05-29 15:27:23.646498
147,655.0,Northfields,1,t,f,f,f,t,t,2026-05-29 15:27:23.646498,2026-05-29 15:27:23.646498
148,656.0,North Harrow,1,t,f,f,f,f,t,2026-05-29 15:27:23.646498,2026-05-29 15:27:23.646498
149,657.0,Northolt,1,t,f,f,f,f,t,2026-05-29 15:27:23.646498,2026-05-29 15:27:23.646498
150,659.0,North Wembley,1,t,f,t,f,f,t,2026-05-29 15:27:23.646498,2026-05-29 15:27:23.646498
151,660.0,Northwick Park,1,t,f,f,f,f,t,2026-05-29 15:27:23.646498,2026-05-29 15:27:23.646498
152,661.0,Northwood,1,t,f,f,f,f,t,2026-05-29 15:27:23.646498,2026-05-29 15:27:23.646498
153,662.0,Northwood Hills,1,t,f,f,f,f,t,2026-05-29 15:27:23.646498,2026-05-29 15:27:23.646498
154,663.0,Notting Hill Gate,1,t,f,f,f,t,t,2026-05-29 15:27:23.646498,2026-05-29 15:27:23.646498
155,664.0,Oakwood,1,t,f,f,f,t,t,2026-05-29 15:27:23.646498,2026-05-29 15:27:23.646498
156,665.0,Old Street,1,t,f,f,f,f,t,2026-05-29 15:27:23.646498,2026-05-29 15:27:23.646498
157,667.0,Osterley,1,t,f,f,f,t,t,2026-05-29 15:27:23.646498,2026-05-29 15:27:23.646498
158,668.0,Oval,1,t,f,f,f,t,t,2026-05-29 15:27:23.646498,2026-05-29 15:27:23.646498
159,669.0,Oxford Circus,1,t,f,f,f,t,t,2026-05-29 15:27:23.646498,2026-05-29 15:27:23.646498
160,670.0,Paddington TfL,1,t,f,f,f,f,t,2026-05-29 15:27:23.646498,2026-05-29 15:27:23.646498
161,671.0,Park Royal,1,t,f,f,f,f,t,2026-05-29 15:27:23.646498,2026-05-29 15:27:23.646498
162,672.0,Parsons Green,1,t,f,f,f,f,t,2026-05-29 15:27:23.646498,2026-05-29 15:27:23.646498
163,673.0,Perivale,1,t,f,f,f,f,t,2026-05-29 15:27:23.646498,2026-05-29 15:27:23.646498
164,674.0,Piccadilly Circus,1,t,f,f,f,t,t,2026-05-29 15:27:23.646498,2026-05-29 15:27:23.646498
165,675.0,Pinner,1,t,f,f,f,f,t,2026-05-29 15:27:23.646498,2026-05-29 15:27:23.646498
166,676.0,Plaistow,1,t,f,f,f,f,t,2026-05-29 15:27:23.646498,2026-05-29 15:27:23.646498
167,677.0,Preston Road,1,t,f,f,f,f,t,2026-05-29 15:27:23.646498,2026-05-29 15:27:23.646498
168,678.0,Putney Bridge,1,t,f,f,f,f,t,2026-05-29 15:27:23.646498,2026-05-29 15:27:23.646498
169,679.0,Queensbury,1,t,f,f,f,t,t,2026-05-29 15:27:23.646498,2026-05-29 15:27:23.646498
170,680.0,Queen's Park,1,t,f,t,f,f,t,2026-05-29 15:27:23.646498,2026-05-29 15:27:23.646498
171,681.0,Queensway,1,t,f,f,f,t,t,2026-05-29 15:27:23.646498,2026-05-29 15:27:23.646498
172,682.0,Ravenscourt Park,1,t,f,f,f,f,t,2026-05-29 15:27:23.646498,2026-05-29 15:27:23.646498
173,683.0,Rayners Lane,1,t,f,f,f,f,t,2026-05-29 15:27:23.646498,2026-05-29 15:27:23.646498
174,684.0,Redbridge,1,t,f,f,f,t,t,2026-05-29 15:27:23.646498,2026-05-29 15:27:23.646498
175,685.0,Regent's Park,1,t,f,f,f,f,t,2026-05-29 15:27:23.646498,2026-05-29 15:27:23.646498
176,686.0,Richmond,1,t,f,t,f,f,t,2026-05-29 15:27:23.646498,2026-05-29 15:27:23.646498
177,687.0,Rickmansworth,1,t,f,f,f,f,t,2026-05-29 15:27:23.646498,2026-05-29 15:27:23.646498
178,688.0,Roding Valley,1,t,f,f,f,f,t,2026-05-29 15:27:23.646498,2026-05-29 15:27:23.646498
179,689.0,Rotherhithe,,f,f,f,f,f,t,2026-05-29 15:27:23.646498,2026-05-29 15:27:23.646498
180,690.0,Royal Oak,1,t,f,f,f,f,t,2026-05-29 15:27:23.646498,2026-05-29 15:27:23.646498
181,691.0,Ruislip,1,t,f,f,f,f,t,2026-05-29 15:27:23.646498,2026-05-29 15:27:23.646498
182,692.0,Ruislip Gardens,1,t,f,f,f,f,t,2026-05-29 15:27:23.646498,2026-05-29 15:27:23.646498
183,693.0,Ruislip Manor,1,t,f,f,f,f,t,2026-05-29 15:27:23.646498,2026-05-29 15:27:23.646498
184,694.0,Russell Square,1,t,f,f,f,t,t,2026-05-29 15:27:23.646498,2026-05-29 15:27:23.646498
185,695.0,St. James's Park,1,t,f,f,f,f,t,2026-05-29 15:27:23.646498,2026-05-29 15:27:23.646498
186,696.0,St. John's Wood,1,t,f,f,f,t,t,2026-05-29 15:27:23.646498,2026-05-29 15:27:23.646498
187,697.0,St. Paul's,1,t,f,f,f,t,t,2026-05-29 15:27:23.646498,2026-05-29 15:27:23.646498
188,698.0,Seven Sisters,1,t,f,t,f,t,t,2026-05-29 15:27:23.646498,2026-05-29 15:27:23.646498
189,699.0,Shadwell,,f,f,f,f,f,t,2026-05-29 15:27:23.646498,2026-05-29 15:27:23.646498
190,700.0,Shepherd's Bush LU,1,t,f,f,f,t,t,2026-05-29 15:27:23.646498,2026-05-29 15:27:23.646498
191,701.0,Shoreditch,,f,f,f,f,f,t,2026-05-29 15:27:23.646498,2026-05-29 15:27:23.646498
192,702.0,Sloane Square,1,t,f,f,f,f,t,2026-05-29 15:27:23.646498,2026-05-29 15:27:23.646498
193,703.0,Snaresbrook,1,t,f,f,f,t,t,2026-05-29 15:27:23.646498,2026-05-29 15:27:23.646498
194,704.0,South Ealing,1,t,f,f,f,t,t,2026-05-29 15:27:23.646498,2026-05-29 15:27:23.646498
195,705.0,Southfields,1,t,f,f,f,f,t,2026-05-29 15:27:23.646498,2026-05-29 15:27:23.646498
196,706.0,Southgate,1,t,f,f,f,t,t,2026-05-29 15:27:23.646498,2026-05-29 15:27:23.646498
197,707.0,South Harrow,1,t,f,f,f,f,t,2026-05-29 15:27:23.646498,2026-05-29 15:27:23.646498
198,708.0,South Kensington,1,t,f,f,f,t,t,2026-05-29 15:27:23.646498,2026-05-29 15:27:23.646498
199,709.0,South Kenton,1,t,f,t,f,f,t,2026-05-29 15:27:23.646498,2026-05-29 15:27:23.646498
200,710.0,South Ruislip,1,t,f,f,f,f,t,2026-05-29 15:27:23.646498,2026-05-29 15:27:23.646498
201,711.0,South Wimbledon,1,t,f,f,f,t,t,2026-05-29 15:27:23.646498,2026-05-29 15:27:23.646498
202,712.0,South Woodford,1,t,f,f,f,t,t,2026-05-29 15:27:23.646498,2026-05-29 15:27:23.646498
203,713.0,Stamford Brook,1,t,f,f,f,f,t,2026-05-29 15:27:23.646498,2026-05-29 15:27:23.646498
204,714.0,Stanmore,1,t,f,f,f,t,t,2026-05-29 15:27:23.646498,2026-05-29 15:27:23.646498
205,715.0,Stepney Green,1,t,f,f,f,f,t,2026-05-29 15:27:23.646498,2026-05-29 15:27:23.646498
206,716.0,Stockwell,1,t,f,f,f,t,t,2026-05-29 15:27:23.646498,2026-05-29 15:27:23.646498
207,717.0,Stonebridge Park,1,t,f,t,f,f,t,2026-05-29 15:27:23.646498,2026-05-29 15:27:23.646498
208,718.0,Charing Cross LU,1,t,f,f,f,t,t,2026-05-29 15:27:23.646498,2026-05-29 15:27:23.646498
209,719.0,Stratford,1,t,t,t,t,t,t,2026-05-29 15:27:23.646498,2026-05-29 15:27:23.646498
210,720.0,Sudbury Hill,1,t,f,f,f,f,t,2026-05-29 15:27:23.646498,2026-05-29 15:27:23.646498
211,721.0,Sudbury Town,1,t,f,f,f,f,t,2026-05-29 15:27:23.646498,2026-05-29 15:27:23.646498
212,722.0,Surrey Quays,,f,f,f,f,f,t,2026-05-29 15:27:23.646498,2026-05-29 15:27:23.646498
213,723.0,Swiss Cottage,1,t,f,f,f,t,t,2026-05-29 15:27:23.646498,2026-05-29 15:27:23.646498
214,724.0,Temple,1,t,f,f,f,f,t,2026-05-29 15:27:23.646498,2026-05-29 15:27:23.646498
215,725.0,Theydon Bois,1,t,f,f,f,f,t,2026-05-29 15:27:23.646498,2026-05-29 15:27:23.646498
216,726.0,Tooting Bec,1,t,f,f,f,t,t,2026-05-29 15:27:23.646498,2026-05-29 15:27:23.646498
217,727.0,Tooting Broadway,1,t,f,f,f,t,t,2026-05-29 15:27:23.646498,2026-05-29 15:27:23.646498
218,728.0,Tottenham Court Road,1,t,t,f,f,t,t,2026-05-29 15:27:23.646498,2026-05-29 15:27:23.646498
219,729.0,Tottenham Hale LU,1,t,f,f,f,t,t,2026-05-29 15:27:23.646498,2026-05-29 15:27:23.646498
220,730.0,Totteridge & Whetstone,1,t,f,f,f,t,t,2026-05-29 15:27:23.646498,2026-05-29 15:27:23.646498
221,731.0,Tower Hill,1,t,f,f,f,f,t,2026-05-29 15:27:23.646498,2026-05-29 15:27:23.646498
222,733.0,Tufnell Park,1,t,f,f,f,t,t,2026-05-29 15:27:23.646498,2026-05-29 15:27:23.646498
223,734.0,Turnham Green,1,t,f,f,f,t,t,2026-05-29 15:27:23.646498,2026-05-29 15:27:23.646498
224,735.0,Turnpike Lane,1,t,f,f,f,t,t,2026-05-29 15:27:23.646498,2026-05-29 15:27:23.646498
225,736.0,Upminster,1,t,f,t,f,f,t,2026-05-29 15:27:23.646498,2026-05-29 15:27:23.646498
226,737.0,Upminster Bridge,1,t,f,f,f,f,t,2026-05-29 15:27:23.646498,2026-05-29 15:27:23.646498
227,738.0,Upney,1,t,f,f,f,f,t,2026-05-29 15:27:23.646498,2026-05-29 15:27:23.646498
228,739.0,Upton Park,1,t,f,f,f,f,t,2026-05-29 15:27:23.646498,2026-05-29 15:27:23.646498
229,740.0,Uxbridge,1,t,f,f,f,f,t,2026-05-29 15:27:23.646498,2026-05-29 15:27:23.646498
230,741.0,Victoria LU,1,t,f,f,f,t,t,2026-05-29 15:27:23.646498,2026-05-29 15:27:23.646498
231,742.0,Walthamstow Central,1,t,f,t,f,t,t,2026-05-29 15:27:23.646498,2026-05-29 15:27:23.646498
232,743.0,Wanstead,1,t,f,f,f,t,t,2026-05-29 15:27:23.646498,2026-05-29 15:27:23.646498
233,744.0,Wapping,,f,f,f,f,f,t,2026-05-29 15:27:23.646498,2026-05-29 15:27:23.646498
234,745.0,Warren Street,1,t,f,f,f,t,t,2026-05-29 15:27:23.646498,2026-05-29 15:27:23.646498
235,746.0,Warwick Avenue,1,t,f,f,f,f,t,2026-05-29 15:27:23.646498,2026-05-29 15:27:23.646498
236,747.0,Waterloo LU,1,t,f,f,f,t,t,2026-05-29 15:27:23.646498,2026-05-29 15:27:23.646498
237,748.0,Watford,1,t,f,f,f,f,t,2026-05-29 15:27:23.646498,2026-05-29 15:27:23.646498
238,751.0,Wembley Central,1,t,f,t,f,f,t,2026-05-29 15:27:23.646498,2026-05-29 15:27:23.646498
239,752.0,Wembley Park,1,t,f,f,f,t,t,2026-05-29 15:27:23.646498,2026-05-29 15:27:23.646498
240,753.0,West Acton,1,t,f,f,f,t,t,2026-05-29 15:27:23.646498,2026-05-29 15:27:23.646498
241,754.0,Westbourne Park,1,t,f,f,f,f,t,2026-05-29 15:27:23.646498,2026-05-29 15:27:23.646498
242,755.0,West Brompton,1,t,f,t,f,f,t,2026-05-29 15:27:23.646498,2026-05-29 15:27:23.646498
243,756.0,West Finchley,1,t,f,f,f,t,t,2026-05-29 15:27:23.646498,2026-05-29 15:27:23.646498
244,757.0,West Ham,1,t,f,f,t,t,t,2026-05-29 15:27:23.646498,2026-05-29 15:27:23.646498
245,758.0,West Hampstead LU,1,t,f,f,f,t,t,2026-05-29 15:27:23.646498,2026-05-29 15:27:23.646498
246,759.0,West Harrow,1,t,f,f,f,f,t,2026-05-29 15:27:23.646498,2026-05-29 15:27:23.646498
247,760.0,West Kensington,1,t,f,f,f,f,t,2026-05-29 15:27:23.646498,2026-05-29 15:27:23.646498
248,761.0,Westminster,1,t,f,f,f,t,t,2026-05-29 15:27:23.646498,2026-05-29 15:27:23.646498
249,762.0,West Ruislip,1,t,f,f,f,f,t,2026-05-29 15:27:23.646498,2026-05-29 15:27:23.646498
250,763.0,Whitechapel,1,t,t,t,f,t,t,2026-05-29 15:27:23.646498,2026-05-29 15:27:23.646498
251,764.0,White City,1,t,f,f,f,t,t,2026-05-29 15:27:23.646498,2026-05-29 15:27:23.646498
252,765.0,Willesden Green,1,t,f,f,f,t,t,2026-05-29 15:27:23.646498,2026-05-29 15:27:23.646498
253,766.0,Willesden Junction,1,t,f,t,f,f,t,2026-05-29 15:27:23.646498,2026-05-29 15:27:23.646498
254,767.0,Wimbledon,1,t,f,f,f,f,t,2026-05-29 15:27:23.646498,2026-05-29 15:27:23.646498
255,768.0,Wimbledon Park,1,t,f,f,f,f,t,2026-05-29 15:27:23.646498,2026-05-29 15:27:23.646498
256,769.0,Woodford,1,t,f,f,f,f,t,2026-05-29 15:27:23.646498,2026-05-29 15:27:23.646498
257,770.0,Wood Green,1,t,f,f,f,t,t,2026-05-29 15:27:23.646498,2026-05-29 15:27:23.646498
258,771.0,Woodside Park,1,t,f,f,f,t,t,2026-05-29 15:27:23.646498,2026-05-29 15:27:23.646498
259,773.0,Hammersmith (H&C),1,t,f,f,f,f,t,2026-05-29 15:27:23.646498,2026-05-29 15:27:23.646498
260,774.0,Edgware Road (Bak),1,t,f,f,f,f,t,2026-05-29 15:27:23.646498,2026-05-29 15:27:23.646498
261,775.0,Shepherd's Bush Market,1,t,f,f,f,f,t,2026-05-29 15:27:23.646498,2026-05-29 15:27:23.646498
262,776.0,Pimlico,1,t,f,f,f,t,t,2026-05-29 15:27:23.646498,2026-05-29 15:27:23.646498
263,777.0,Vauxhall LU,1,t,f,f,f,t,t,2026-05-29 15:27:23.646498,2026-05-29 15:27:23.646498
264,778.0,Brixton LU,1,t,f,f,f,t,t,2026-05-29 15:27:23.646498,2026-05-29 15:27:23.646498
265,779.0,Hatton Cross,1,t,f,f,f,t,t,2026-05-29 15:27:23.646498,2026-05-29 15:27:23.646498
266,780.0,Heathrow Terminals 123 LU,1,t,f,f,f,t,t,2026-05-29 15:27:23.646498,2026-05-29 15:27:23.646498
267,781.0,Heathrow Terminal 4 LU,1,t,f,f,f,t,t,2026-05-29 15:27:23.646498,2026-05-29 15:27:23.646498
268,784.0,Southwark,1,t,f,f,f,t,t,2026-05-29 15:27:23.646498,2026-05-29 15:27:23.646498
269,787.0,Bermondsey,1,t,f,f,f,t,t,2026-05-29 15:27:23.646498,2026-05-29 15:27:23.646498
270,788.0,Canada Water,1,t,f,t,f,t,t,2026-05-29 15:27:23.646498,2026-05-29 15:27:23.646498
271,789.0,North Greenwich,1,t,f,f,f,t,t,2026-05-29 15:27:23.646498,2026-05-29 15:27:23.646498
272,852.0,Canary Wharf LU,1,t,f,f,f,t,t,2026-05-29 15:27:23.646498,2026-05-29 15:27:23.646498
273,884.0,Canning Town,1,t,f,f,t,t,t,2026-05-29 15:27:23.646498,2026-05-29 15:27:23.646498
274,599.0,Wood Lane,1,t,f,f,f,f,t,2026-05-29 15:27:23.646498,2026-05-29 15:27:23.646498
275,783.0,Heathrow Terminal 5 LU,1,t,f,f,f,t,t,2026-05-29 15:27:23.646498,2026-05-29 15:27:23.646498
276,504.0,Stratford International DLR,,f,f,f,t,f,t,2026-05-29 15:27:23.646498,2026-05-29 15:27:23.646498
277,523.0,King George V,,f,f,f,t,f,t,2026-05-29 15:27:23.646498,2026-05-29 15:27:23.646498
278,533.0,London City Airport,,f,f,f,t,f,t,2026-05-29 15:27:23.646498,2026-05-29 15:27:23.646498
279,538.0,Pontoon Dock,,f,f,f,t,f,t,2026-05-29 15:27:23.646498,2026-05-29 15:27:23.646498
280,559.0,West Silvertown,,f,f,f,t,f,t,2026-05-29 15:27:23.646498,2026-05-29 15:27:23.646498
281,573.0,Woolwich Arsenal,,f,f,f,t,f,t,2026-05-29 15:27:23.646498,2026-05-29 15:27:23.646498
282,749.0,Stratford High Street,,f,f,f,t,f,t,2026-05-29 15:27:23.646498,2026-05-29 15:27:23.646498
283,750.0,Abbey Road,,f,f,f,t,f,t,2026-05-29 15:27:23.646498,2026-05-29 15:27:23.646498
284,842.0,Canary Wharf DLR,,f,f,f,t,f,t,2026-05-29 15:27:23.646498,2026-05-29 15:27:23.646498
285,850.0,All Saints,,f,f,f,t,f,t,2026-05-29 15:27:23.646498,2026-05-29 15:27:23.646498
286,851.0,Bow Church,,f,f,f,t,f,t,2026-05-29 15:27:23.646498,2026-05-29 15:27:23.646498
287,853.0,Langdon Park,,f,f,f,t,f,t,2026-05-29 15:27:23.646498,2026-05-29 15:27:23.646498
288,854.0,Crossharbour,,f,f,f,t,f,t,2026-05-29 15:27:23.646498,2026-05-29 15:27:23.646498
289,855.0,Heron Quays,,f,f,f,t,f,t,2026-05-29 15:27:23.646498,2026-05-29 15:27:23.646498
290,856.0,Island Gardens,,f,f,f,t,f,t,2026-05-29 15:27:23.646498,2026-05-29 15:27:23.646498
291,857.0,Mudchute,,f,f,f,t,f,t,2026-05-29 15:27:23.646498,2026-05-29 15:27:23.646498
292,858.0,Poplar,,f,f,f,t,f,t,2026-05-29 15:27:23.646498,2026-05-29 15:27:23.646498
293,859.0,Pudding Mill Lane,,f,f,f,t,f,t,2026-05-29 15:27:23.646498,2026-05-29 15:27:23.646498
294,860.0,Shadwell DLR,,f,f,f,t,f,t,2026-05-29 15:27:23.646498,2026-05-29 15:27:23.646498
295,861.0,South Quay,,f,f,f,t,f,t,2026-05-29 15:27:23.646498,2026-05-29 15:27:23.646498
296,862.0,Limehouse DLR,,f,f,f,t,f,t,2026-05-29 15:27:23.646498,2026-05-29 15:27:23.646498
297,864.0,Tower Gateway,,f,f,f,t,f,t,2026-05-29 15:27:23.646498,2026-05-29 15:27:23.646498
298,865.0,Westferry,,f,f,f,t,f,t,2026-05-29 15:27:23.646498,2026-05-29 15:27:23.646498
299,866.0,West India Quay,,f,f,f,t,f,t,2026-05-29 15:27:23.646498,2026-05-29 15:27:23.646498
300,867.0,Devons Road,,f,f,f,t,f,t,2026-05-29 15:27:23.646498,2026-05-29 15:27:23.646498
301,879.0,Cutty Sark,,f,f,f,t,f,t,2026-05-29 15:27:23.646498,2026-05-29 15:27:23.646498
302,882.0,Blackwall,,f,f,f,t,f,t,2026-05-29 15:27:23.646498,2026-05-29 15:27:23.646498
303,883.0,East India,,f,f,f,t,f,t,2026-05-29 15:27:23.646498,2026-05-29 15:27:23.646498
304,886.0,Royal Victoria,,f,f,f,t,f,t,2026-05-29 15:27:23.646498,2026-05-29 15:27:23.646498
305,887.0,Custom House,,f,t,f,t,f,t,2026-05-29 15:27:23.646498,2026-05-29 15:27:23.646498
306,888.0,Prince Regent,,f,f,f,t,f,t,2026-05-29 15:27:23.646498,2026-05-29 15:27:23.646498
307,889.0,Star Lane,,f,f,f,t,f,t,2026-05-29 15:27:23.646498,2026-05-29 15:27:23.646498
308,890.0,Royal Albert,,f,f,f,t,f,t,2026-05-29 15:27:23.646498,2026-05-29 15:27:23.646498
309,891.0,Beckton Park,,f,f,f,t,f,t,2026-05-29 15:27:23.646498,2026-05-29 15:27:23.646498
310,893.0,Cyprus,,f,f,f,t,f,t,2026-05-29 15:27:23.646498,2026-05-29 15:27:23.646498
311,894.0,Gallions Reach,,f,f,f,t,f,t,2026-05-29 15:27:23.646498,2026-05-29 15:27:23.646498
312,895.0,Beckton,,f,f,f,t,f,t,2026-05-29 15:27:23.646498,2026-05-29 15:27:23.646498
313,897.0,Deptford Bridge,,f,f,f,t,f,t,2026-05-29 15:27:23.646498,2026-05-29 15:27:23.646498
314,898.0,Elverson Road,,f,f,f,t,f,t,2026-05-29 15:27:23.646498,2026-05-29 15:27:23.646498
315,928.0,Greenwich,,f,f,f,t,f,t,2026-05-29 15:27:23.646498,2026-05-29 15:27:23.646498
316,940.0,Lewisham DLR,,f,f,f,t,f,t,2026-05-29 15:27:23.646498,2026-05-29 15:27:23.646498
317,1022.0,Haggerston,,f,f,t,f,t,t,2026-05-29 15:27:23.646498,2026-05-29 15:27:23.646498
318,1023.0,Hoxton,,f,f,t,f,t,t,2026-05-29 15:27:23.646498,2026-05-29 15:27:23.646498
319,1024.0,Shoreditch High Street,,f,f,t,f,t,t,2026-05-29 15:27:23.646498,2026-05-29 15:27:23.646498
320,1039.0,Rotherhithe,,f,f,t,f,t,t,2026-05-29 15:27:23.646498,2026-05-29 15:27:23.646498
321,1082.0,Shadwell LO,,f,f,t,f,t,t,2026-05-29 15:27:23.646498,2026-05-29 15:27:23.646498
322,1083.0,Surrey Quays,,f,f,t,f,t,t,2026-05-29 15:27:23.646498,2026-05-29 15:27:23.646498
323,1085.0,Wapping,,f,f,t,f,t,t,2026-05-29 15:27:23.646498,2026-05-29 15:27:23.646498
324,1395.0,Bushey,,f,f,t,f,f,t,2026-05-29 15:27:23.646498,2026-05-29 15:27:23.646498
325,1398.0,Hatch End,,f,f,t,f,f,t,2026-05-29 15:27:23.646498,2026-05-29 15:27:23.646498
326,1402.0,Watford Junction,,f,f,t,f,f,t,2026-05-29 15:27:23.646498,2026-05-29 15:27:23.646498
327,1404.0,Acton Central,,f,f,t,f,f,t,2026-05-29 15:27:23.646498,2026-05-29 15:27:23.646498
328,1409.0,Gospel Oak,,f,f,t,f,f,t,2026-05-29 15:27:23.646498,2026-05-29 15:27:23.646498
329,1413.0,Hampstead Heath,,f,f,t,f,f,t,2026-05-29 15:27:23.646498,2026-05-29 15:27:23.646498
330,1415.0,Kilburn High Road,,f,f,t,f,f,t,2026-05-29 15:27:23.646498,2026-05-29 15:27:23.646498
331,1421.0,West Hampstead LO,,f,f,t,f,f,t,2026-05-29 15:27:23.646498,2026-05-29 15:27:23.646498
332,1429.0,Dalston Kingsland,,f,f,t,f,f,t,2026-05-29 15:27:23.646498,2026-05-29 15:27:23.646498
333,1434.0,Headstone Lane,,f,f,f,f,f,t,2026-05-29 15:27:23.646498,2026-05-29 15:27:23.646498
334,1437.0,Brondesbury,,f,f,t,f,f,t,2026-05-29 15:27:23.646498,2026-05-29 15:27:23.646498
335,1438.0,Brondesbury Park,,f,f,t,f,f,t,2026-05-29 15:27:23.646498,2026-05-29 15:27:23.646498
336,1439.0,Caledonian Road & Barnsbury,,f,f,t,f,f,t,2026-05-29 15:27:23.646498,2026-05-29 15:27:23.646498
337,1440.0,Camden Road,,f,f,t,f,f,t,2026-05-29 15:27:23.646498,2026-05-29 15:27:23.646498
338,1441.0,Canonbury,,f,f,t,f,t,t,2026-05-29 15:27:23.646498,2026-05-29 15:27:23.646498
339,1442.0,Carpenders Park,,f,f,t,f,f,t,2026-05-29 15:27:23.646498,2026-05-29 15:27:23.646498
340,1443.0,Dalston Junction,,f,f,t,f,t,t,2026-05-29 15:27:23.646498,2026-05-29 15:27:23.646498
341,1444.0,Euston NR,,f,f,t,f,f,t,2026-05-29 15:27:23.646498,2026-05-29 15:27:23.646498
342,1445.0,Finchley Road & Frognal,,f,f,t,f,f,t,2026-05-29 15:27:23.646498,2026-05-29 15:27:23.646498
343,1448.0,Kensal Rise,,f,f,t,f,f,t,2026-05-29 15:27:23.646498,2026-05-29 15:27:23.646498
344,1449.0,Kentish Town West,,f,f,t,f,f,t,2026-05-29 15:27:23.646498,2026-05-29 15:27:23.646498
345,1451.0,South Hampstead,,f,f,t,f,f,t,2026-05-29 15:27:23.646498,2026-05-29 15:27:23.646498
346,1452.0,South Acton,,f,f,t,f,f,t,2026-05-29 15:27:23.646498,2026-05-29 15:27:23.646498
347,1455.0,Watford High Street,,f,f,t,f,f,t,2026-05-29 15:27:23.646498,2026-05-29 15:27:23.646498
348,1524.0,Upper Holloway,,f,f,t,f,f,t,2026-05-29 15:27:23.646498,2026-05-29 15:27:23.646498
349,5150.0,New Cross,,f,f,t,f,f,t,2026-05-29 15:27:23.646498,2026-05-29 15:27:23.646498
350,5301.0,Clapham High Street,,f,f,t,f,f,t,2026-05-29 15:27:23.646498,2026-05-29 15:27:23.646498
351,5345.0,New Cross Gate,,f,f,t,f,t,t,2026-05-29 15:27:23.646498,2026-05-29 15:27:23.646498
352,5356.0,Crystal Palace,,f,f,t,f,f,t,2026-05-29 15:27:23.646498,2026-05-29 15:27:23.646498
353,5362.0,Forest Hill,,f,f,t,f,f,t,2026-05-29 15:27:23.646498,2026-05-29 15:27:23.646498
354,5372.0,Wandsworth Road,,f,f,t,f,f,t,2026-05-29 15:27:23.646498,2026-05-29 15:27:23.646498
355,5376.0,Norwood Junction,,f,f,t,f,f,t,2026-05-29 15:27:23.646498,2026-05-29 15:27:23.646498
356,5378.0,Penge West,,f,f,t,f,f,t,2026-05-29 15:27:23.646498,2026-05-29 15:27:23.646498
357,5397.0,Anerley,,f,f,t,f,f,t,2026-05-29 15:27:23.646498,2026-05-29 15:27:23.646498
358,5404.0,Brockley,,f,f,t,f,f,t,2026-05-29 15:27:23.646498,2026-05-29 15:27:23.646498
359,5411.0,West Croydon NR,,f,f,t,f,f,t,2026-05-29 15:27:23.646498,2026-05-29 15:27:23.646498
360,5418.0,Honor Oak Park,,f,f,t,f,f,t,2026-05-29 15:27:23.646498,2026-05-29 15:27:23.646498
361,5420.0,Battersea Park,,f,f,t,f,f,t,2026-05-29 15:27:23.646498,2026-05-29 15:27:23.646498
362,5421.0,Denmark Hill,,f,f,t,f,f,t,2026-05-29 15:27:23.646498,2026-05-29 15:27:23.646498
363,5423.0,Peckham Rye,,f,f,t,f,f,t,2026-05-29 15:27:23.646498,2026-05-29 15:27:23.646498
364,5424.0,Queens Road Peckham,,f,f,t,f,f,t,2026-05-29 15:27:23.646498,2026-05-29 15:27:23.646498
365,5437.0,Sydenham,,f,f,t,f,f,t,2026-05-29 15:27:23.646498,2026-05-29 15:27:23.646498
366,5595.0,Clapham Junction,,f,f,t,f,f,t,2026-05-29 15:27:23.646498,2026-05-29 15:27:23.646498
367,6814.0,Cheshunt,,f,f,t,f,f,t,2026-05-29 15:27:23.646498,2026-05-29 15:27:23.646498
368,6867.0,Hackney Downs,,f,f,t,f,f,t,2026-05-29 15:27:23.646498,2026-05-29 15:27:23.646498
369,6872.0,Brentwood,,f,t,f,f,f,t,2026-05-29 15:27:23.646498,2026-05-29 15:27:23.646498
370,6874.0,Chadwell Heath,,f,t,f,f,f,t,2026-05-29 15:27:23.646498,2026-05-29 15:27:23.646498
371,6876.0,Forest Gate,,f,t,f,f,f,t,2026-05-29 15:27:23.646498,2026-05-29 15:27:23.646498
372,6877.0,Gidea Park,,f,t,f,f,f,t,2026-05-29 15:27:23.646498,2026-05-29 15:27:23.646498
373,6878.0,Goodmayes,,f,t,f,f,f,t,2026-05-29 15:27:23.646498,2026-05-29 15:27:23.646498
374,6879.0,Harold Wood,,f,t,f,f,f,t,2026-05-29 15:27:23.646498,2026-05-29 15:27:23.646498
375,6881.0,Ilford,,f,t,f,f,f,t,2026-05-29 15:27:23.646498,2026-05-29 15:27:23.646498
376,6883.0,Manor Park,,f,t,f,f,f,t,2026-05-29 15:27:23.646498,2026-05-29 15:27:23.646498
377,6886.0,Romford,,f,t,t,f,f,t,2026-05-29 15:27:23.646498,2026-05-29 15:27:23.646498
378,6888.0,Shenfield,,f,t,f,f,f,t,2026-05-29 15:27:23.646498,2026-05-29 15:27:23.646498
379,6893.0,Seven Kings,,f,t,f,f,f,t,2026-05-29 15:27:23.646498,2026-05-29 15:27:23.646498
380,6913.0,Bush Hill Park,,f,f,t,f,f,t,2026-05-29 15:27:23.646498,2026-05-29 15:27:23.646498
381,6914.0,Chingford,,f,f,t,f,f,t,2026-05-29 15:27:23.646498,2026-05-29 15:27:23.646498
382,6919.0,Highams Park,,f,f,t,f,f,t,2026-05-29 15:27:23.646498,2026-05-29 15:27:23.646498
383,6926.0,Clapton,,f,f,t,f,f,t,2026-05-29 15:27:23.646498,2026-05-29 15:27:23.646498
384,6934.0,Stoke Newington,,f,f,t,f,f,t,2026-05-29 15:27:23.646498,2026-05-29 15:27:23.646498
385,6941.0,Edmonton Green,,f,f,t,f,f,t,2026-05-29 15:27:23.646498,2026-05-29 15:27:23.646498
386,6947.0,Southbury,,f,f,t,f,f,t,2026-05-29 15:27:23.646498,2026-05-29 15:27:23.646498
387,6949.0,Theobalds Grove,,f,f,t,f,f,t,2026-05-29 15:27:23.646498,2026-05-29 15:27:23.646498
388,6952.0,Turkey Street,,f,f,t,f,f,t,2026-05-29 15:27:23.646498,2026-05-29 15:27:23.646498
389,6954.0,Wood Street,,f,f,t,f,f,t,2026-05-29 15:27:23.646498,2026-05-29 15:27:23.646498
390,6956.0,White Hart Lane,,f,f,t,f,f,t,2026-05-29 15:27:23.646498,2026-05-29 15:27:23.646498
391,6958.0,Bruce Grove,,f,f,t,f,f,t,2026-05-29 15:27:23.646498,2026-05-29 15:27:23.646498
392,6959.0,Enfield Town,,f,f,t,f,f,t,2026-05-29 15:27:23.646498,2026-05-29 15:27:23.646498
393,6961.0,Bethnal Green LO,,f,f,t,f,f,t,2026-05-29 15:27:23.646498,2026-05-29 15:27:23.646498
394,6962.0,Cambridge Heath,,f,f,t,f,f,t,2026-05-29 15:27:23.646498,2026-05-29 15:27:23.646498
395,6965.0,Liverpool Street NR,,f,t,f,f,f,t,2026-05-29 15:27:23.646498,2026-05-29 15:27:23.646498
396,6966.0,London Fields,,f,f,t,f,f,t,2026-05-29 15:27:23.646498,2026-05-29 15:27:23.646498
397,6967.0,Rectory Road,,f,f,t,f,f,t,2026-05-29 15:27:23.646498,2026-05-29 15:27:23.646498
398,6968.0,Stamford Hill,,f,f,t,f,f,t,2026-05-29 15:27:23.646498,2026-05-29 15:27:23.646498
399,6970.0,Maryland,,f,t,f,f,f,t,2026-05-29 15:27:23.646498,2026-05-29 15:27:23.646498
400,6972.0,Silver Street,,f,f,t,f,f,t,2026-05-29 15:27:23.646498,2026-05-29 15:27:23.646498
401,6973.0,St James Street,,f,f,t,f,f,t,2026-05-29 15:27:23.646498,2026-05-29 15:27:23.646498
402,6977.0,Hackney Central,,f,f,t,f,f,t,2026-05-29 15:27:23.646498,2026-05-29 15:27:23.646498
403,6978.0,Hackney Wick,,f,f,t,f,f,t,2026-05-29 15:27:23.646498,2026-05-29 15:27:23.646498
404,6979.0,Homerton,,f,f,t,f,f,t,2026-05-29 15:27:23.646498,2026-05-29 15:27:23.646498
405,7401.0,Harringay Green Lanes,,f,f,t,f,f,t,2026-05-29 15:27:23.646498,2026-05-29 15:27:23.646498
406,7402.0,Leyton Midland Road,,f,f,t,f,f,t,2026-05-29 15:27:23.646498,2026-05-29 15:27:23.646498
407,7403.0,Leytonstone High Road,,f,f,t,f,f,t,2026-05-29 15:27:23.646498,2026-05-29 15:27:23.646498
408,7404.0,South Tottenham,,f,f,t,f,f,t,2026-05-29 15:27:23.646498,2026-05-29 15:27:23.646498
409,7406.0,Crouch Hill,,f,f,t,f,f,t,2026-05-29 15:27:23.646498,2026-05-29 15:27:23.646498
410,7407.0,Walthamstow Queen's Road,,f,f,t,f,f,t,2026-05-29 15:27:23.646498,2026-05-29 15:27:23.646498
411,7408.0,Wanstead Park,,f,f,t,f,f,t,2026-05-29 15:27:23.646498,2026-05-29 15:27:23.646498
412,7467.0,Woodgrange Park,,f,f,t,f,f,t,2026-05-29 15:27:23.646498,2026-05-29 15:27:23.646498
413,7473.0,Emerson Park,,f,f,t,f,f,t,2026-05-29 15:27:23.646498,2026-05-29 15:27:23.646498
414,9586.0,Imperial Wharf,,f,f,t,f,f,t,2026-05-29 15:27:23.646498,2026-05-29 15:27:23.646498
415,9587.0,Shepherd's Bush NR,,f,f,t,f,f,t,2026-05-29 15:27:23.646498,2026-05-29 15:27:23.646498
416,3000.0,Acton Main Line,,f,t,f,f,f,t,2026-05-29 15:27:23.646498,2026-05-29 15:27:23.646498
417,3087.0,Paddington NR,,f,t,f,f,f,t,2026-05-29 15:27:23.646498,2026-05-29 15:27:23.646498
418,3186.0,Hayes & Harlington,,f,f,t,f,f,t,2026-05-29 15:27:23.646498,2026-05-29 15:27:23.646498
419,3186.0,Hayes & Harlington,,f,t,f,f,f,t,2026-05-29 15:27:23.646498,2026-05-29 15:27:23.646498
420,3187.0,Southall,,f,t,f,f,f,t,2026-05-29 15:27:23.646498,2026-05-29 15:27:23.646498
421,3188.0,West Ealing,,f,t,f,f,f,t,2026-05-29 15:27:23.646498,2026-05-29 15:27:23.646498
422,3191.0,Hanwell,,f,t,f,f,f,t,2026-05-29 15:27:23.646498,2026-05-29 15:27:23.646498
423,7090.0,Heathrow Terminals 2 & 3 EL,,f,t,f,f,f,t,2026-05-29 15:27:23.646498,2026-05-29 15:27:23.646498
424,7091.0,Heathrow Terminal 4 EL,,f,t,f,f,f,t,2026-05-29 15:27:23.646498,2026-05-29 15:27:23.646498
425,3147.0,Maidenhead,,f,t,f,f,f,t,2026-05-29 15:27:23.646498,2026-05-29 15:27:23.646498
426,3149.0,Reading,,f,t,f,f,f,t,2026-05-29 15:27:23.646498,2026-05-29 15:27:23.646498
427,3151.0,Taplow,,f,t,f,f,f,t,2026-05-29 15:27:23.646498,2026-05-29 15:27:23.646498
428,3155.0,Twyford,,f,t,f,f,f,t,2026-05-29 15:27:23.646498,2026-05-29 15:27:23.646498
429,3170.0,Iver,,f,t,f,f,f,t,2026-05-29 15:27:23.646498,2026-05-29 15:27:23.646498
430,3171.0,Langley,,f,t,f,f,f,t,2026-05-29 15:27:23.646498,2026-05-29 15:27:23.646498
431,3172.0,Slough,,f,t,f,f,f,t,2026-05-29 15:27:23.646498,2026-05-29 15:27:23.646498
432,3174.0,West Drayton,,f,t,f,f,f,t,2026-05-29 15:27:23.646498,2026-05-29 15:27:23.646498
433,3176.0,Burnham,,f,t,f,f,f,t,2026-05-29 15:27:23.646498,2026-05-29 15:27:23.646498
434,9846.0,Heathrow Terminal 5 EL,,f,t,f,f,f,t,2026-05-29 15:27:23.646498,2026-05-29 15:27:23.646498
435,831.0,Nine Elms,1,t,f,f,f,f,t,2026-05-29 15:27:23.646498,2026-05-29 15:27:23.646498
436,832.0,Battersea Power Station,1,t,f,f,f,f,t,2026-05-29 15:27:23.646498,2026-05-29 15:27:23.646498
